model,config_name,evaluated_queries,failed_queries,R@1_IoU_0.3,R@1_IoU_0.5,R@1_IoU_0.7,mIoU,inference_time_sec
CLIP,clip_w16_s8_mean,3720,0,0.5943548387096774,0.2368279569892473,0.08225806451612903,0.33476115133925355,1362.6812800000007
Moment-DETR,moment_detr_raw_video,3720,0,0.41451612903225804,0.256989247311828,0.09946236559139784,0.2662255923703656,2049.433566083
