{
  "evaluated_queries": 3720,
  "failed_queries": 0,
  "inference_time_sec": 2049.433566083,
  "R@1_IoU_0.3": 0.41451612903225804,
  "R@1_IoU_0.5": 0.256989247311828,
  "R@1_IoU_0.7": 0.09946236559139784,
  "mIoU": 0.2662255923703656
}