result_file,num_samples,fps,window_size,stride,aggregation,smoothing_window,R@1_IoU_0.3,R@1_IoU_0.5,R@1_IoU_0.7,mIoU,total_frames,avg_frames_per_sample,inference_time_sec
clip_w16_s8_max.json,9,1.0,16.0,8.0,max,,0.1111111111111111,0.0,0.0,0.06438808373590982,1356,150.66666666666666,41.51063804194564
clip_w16_s8_mean.json,9,1.0,16.0,8.0,mean,,0.3333333333333333,0.2222222222222222,0.1111111111111111,0.22707447142229759,1356,150.66666666666666,40.674126250029076
clip_w32_s16_max.json,9,1.0,32.0,16.0,max,,0.2222222222222222,0.1111111111111111,0.0,0.15838077207642423,1356,150.66666666666666,43.12275966600282
clip_w32_s16_mean.json,9,1.0,32.0,16.0,mean,,0.3333333333333333,0.2222222222222222,0.0,0.23158834497439962,1356,150.66666666666666,42.368763542035595
clip_w4_s2_max.json,9,1.0,4.0,2.0,max,,0.0,0.0,0.0,0.015892772567964383,1356,150.66666666666666,41.16219966701465
clip_w4_s2_mean.json,9,1.0,4.0,2.0,mean,,0.1111111111111111,0.1111111111111111,0.0,0.12252378861074514,1356,150.66666666666666,40.57285770797171
clip_w8_s4_max.json,9,1.0,8.0,4.0,max,,0.0,0.0,0.0,0.031598803772716816,1356,150.66666666666666,41.717458292027004
clip_w8_s4_mean.json,9,1.0,8.0,4.0,mean,,0.2222222222222222,0.1111111111111111,0.1111111111111111,0.16245498462889768,1356,150.66666666666666,41.46719358296832
