{
  "config": {
    "video": "data/sample/synthetic_video.mp4",
    "query": "moving object",
    "fps": 1.0,
    "window_size": 2.0,
    "stride": 1.0,
    "aggregation": "mean",
    "model_name": "ViT-B/32",
    "device": "cpu"
  },
  "video": {
    "duration": 5.0,
    "num_frames": 5
  },
  "prediction": [
    1.0,
    3.0
  ],
  "frame_timestamps": [
    0.0,
    1.0,
    2.0,
    3.0,
    4.0
  ],
  "frame_scores": [
    0.23839928209781647,
    0.26577451825141907,
    0.26097434759140015,
    0.2596142590045929,
    0.25632166862487793
  ],
  "windows": [
    [
      0.0,
      2.0
    ],
    [
      1.0,
      3.0
    ],
    [
      2.0,
      4.0
    ],
    [
      3.0,
      5.0
    ]
  ],
  "window_scores": [
    0.25504938264687854,
    0.262121041615804,
    0.25897009174029034,
    0.2579679638147354
  ]
}