{
  "R@1_IoU_0.3": 0.5943548387096774,
  "R@1_IoU_0.5": 0.2368279569892473,
  "R@1_IoU_0.7": 0.08225806451612903,
  "mIoU": 0.33476115133925355
}